label,wheel,subset_type,trial,n_queries_total,n_queries_eval,query_fraction,eval_time_seconds,accuracy,balanced_accuracy,class_balance_l1_shift,schedule_fraction,fraction_of_all_queries
mod30_progress_0.1,mod30,deterministic_progress,-1,1119,30,0.02680965147453083,0.0018632169999364123,0.9333333333333333,0.9444444444444444,0.1949955317247542,0.1,0.02680965147453083
mod30_random_progress_0.1_00,mod30,random_progress,0,1119,30,0.02680965147453083,0.0006493849998605583,0.8333333333333334,0.8428571428571429,0.18427167113494186,0.1,0.02680965147453083
mod30_random_progress_0.1_01,mod30,random_progress,1,1119,30,0.02680965147453083,0.0006415420000394079,0.8333333333333334,0.8333333333333334,0.2509383378016085,0.1,0.02680965147453083
mod30_random_progress_0.1_02,mod30,random_progress,2,1119,30,0.02680965147453083,0.0012412549999680778,0.9,0.8680555555555556,0.3842716711349419,0.1,0.02680965147453083
mod30_random_progress_0.1_03,mod30,random_progress,3,1119,30,0.02680965147453083,0.0006047430001672183,0.9,0.88125,0.14977658623771226,0.1,0.02680965147453083
mod30_random_progress_0.1_04,mod30,random_progress,4,1119,30,0.02680965147453083,0.0005946799999492214,0.8333333333333334,0.8603896103896105,0.4623771224307417,0.1,0.02680965147453083
mod30_random_progress_0.1_05,mod30,random_progress,5,1119,30,0.02680965147453083,0.0005602759999874252,0.9,0.91875,0.14977658623771226,0.1,0.02680965147453083
mod30_random_progress_0.1_06,mod30,random_progress,6,1119,30,0.02680965147453083,0.0005288769998514908,0.8666666666666667,0.89375,0.14977658623771226,0.1,0.02680965147453083
mod30_random_progress_0.1_07,mod30,random_progress,7,1119,30,0.02680965147453083,0.0005728619998990325,0.9,0.9194444444444444,0.20500446827524574,0.1,0.02680965147453083
mod30_random_progress_0.1_08,mod30,random_progress,8,1119,30,0.02680965147453083,0.0005236450001575577,0.9333333333333333,0.9166666666666666,0.21143878462913307,0.1,0.02680965147453083
mod30_random_progress_0.1_09,mod30,random_progress,9,1119,30,0.02680965147453083,0.00047939800015228684,0.7333333333333333,0.7174603174603175,0.18856121537086687,0.1,0.02680965147453083
mod30_progress_0.2,mod30,deterministic_progress,-1,1119,60,0.05361930294906166,0.0005746399999679852,0.9333333333333333,0.9395833333333333,0.2545129579982127,0.2,0.05361930294906166
mod30_random_progress_0.2_00,mod30,random_progress,0,1119,60,0.05361930294906166,0.0005687329999091162,0.8666666666666667,0.8869969040247678,0.2885612153708669,0.2,0.05361930294906166
mod30_random_progress_0.2_01,mod30,random_progress,1,1119,60,0.05361930294906166,0.0005905400000756345,0.8833333333333333,0.8797619047619049,0.14477211796246642,0.2,0.05361930294906166
mod30_random_progress_0.2_02,mod30,random_progress,2,1119,60,0.05361930294906166,0.0005777129999842145,0.85,0.8483796296296297,0.45451295799821273,0.2,0.05361930294906166
mod30_random_progress_0.2_03,mod30,random_progress,3,1119,60,0.05361930294906166,0.0005267840001579316,0.9,0.8830882352941176,0.21572832886505808,0.2,0.05361930294906166
mod30_random_progress_0.2_04,mod30,random_progress,4,1119,60,0.05361930294906166,0.0006327979999696254,0.8666666666666667,0.8683035714285715,0.1716711349419124,0.2,0.05361930294906166
mod30_random_progress_0.2_05,mod30,random_progress,5,1119,60,0.05361930294906166,0.0006510860000616958,0.85,0.8170265407107511,0.21215370866845393,0.2,0.05361930294906166
mod30_random_progress_0.2_06,mod30,random_progress,6,1119,60,0.05361930294906166,0.0006538589998399402,0.9,0.923125,0.31572832886505814,0.2,0.05361930294906166
mod30_random_progress_0.2_07,mod30,random_progress,7,1119,60,0.05361930294906166,0.000619035999989137,0.95,0.9624999999999999,0.3454870420017873,0.2,0.05361930294906166
mod30_random_progress_0.2_08,mod30,random_progress,8,1119,60,0.05361930294906166,0.0005995439998969232,0.9,0.9052083333333334,0.12117962466487936,0.2,0.05361930294906166
mod30_random_progress_0.2_09,mod30,random_progress,9,1119,60,0.05361930294906166,0.0006190049998622271,0.9166666666666666,0.9126984126984128,0.12189454870420019,0.2,0.05361930294906166
mod30_progress_0.3,mod30,deterministic_progress,-1,1119,90,0.08042895442359249,0.0006197229999997944,0.9,0.9045283663704716,0.2545129579982127,0.30000000000000004,0.08042895442359249
mod30_random_progress_0.3_00,mod30,random_progress,0,1119,90,0.08042895442359249,0.0006488789999821165,0.8888888888888888,0.8656017369727047,0.20500446827524577,0.30000000000000004,0.08042895442359249
mod30_random_progress_0.3_01,mod30,random_progress,1,1119,90,0.08042895442359249,0.0006241029998363956,0.8888888888888888,0.8901190476190477,0.08817396484956813,0.30000000000000004,0.08042895442359249
mod30_random_progress_0.3_02,mod30,random_progress,2,1119,90,0.08042895442359249,0.0006346110001231864,0.9444444444444444,0.9422721674876848,0.11611557938635692,0.30000000000000004,0.08042895442359249
mod30_random_progress_0.3_03,mod30,random_progress,3,1119,90,0.08042895442359249,0.0006236409999473835,0.8777777777777778,0.8802083333333334,0.1383378016085791,0.30000000000000004,0.08042895442359249
mod30_random_progress_0.3_04,mod30,random_progress,4,1119,90,0.08042895442359249,0.000599825999870518,0.8444444444444444,0.8436050724637681,0.03795055108728035,0.30000000000000004,0.08042895442359249
mod30_random_progress_0.3_05,mod30,random_progress,5,1119,90,0.08042895442359249,0.0006075189999137365,0.9111111111111111,0.9188664596273292,0.10032767351802202,0.30000000000000004,0.08042895442359249
mod30_random_progress_0.3_06,mod30,random_progress,6,1119,90,0.08042895442359249,0.0006065520001357072,0.8666666666666667,0.8664327485380117,0.10682156687518618,0.30000000000000004,0.08042895442359249
mod30_random_progress_0.3_07,mod30,random_progress,7,1119,90,0.08042895442359249,0.0006230500000583561,0.9333333333333333,0.9359265734265735,0.12117962466487936,0.30000000000000004,0.08042895442359249
mod30_random_progress_0.3_08,mod30,random_progress,8,1119,90,0.08042895442359249,0.0009927800001605647,0.9,0.8948321891685735,0.12832886505808758,0.30000000000000004,0.08042895442359249
mod30_random_progress_0.3_09,mod30,random_progress,9,1119,90,0.08042895442359249,0.0005101159999867377,0.9111111111111111,0.8945175438596491,0.2673815907059875,0.30000000000000004,0.08042895442359249
mod30_progress_0.4,mod30,deterministic_progress,-1,1119,120,0.10723860589812333,0.000786048000009032,0.9083333333333333,0.9121041921041921,0.17117962466487935,0.4,0.10723860589812333
mod30_random_progress_0.4_00,mod30,random_progress,0,1119,120,0.10723860589812333,0.0007574219998787157,0.9,0.9065013102014999,0.187846291331546,0.4,0.10723860589812333
mod30_random_progress_0.4_01,mod30,random_progress,1,1119,120,0.10723860589812333,0.0008106620000489784,0.875,0.8778399799084198,0.16215370866845397,0.4,0.10723860589812333
mod30_random_progress_0.4_02,mod30,random_progress,2,1119,120,0.10723860589812333,0.0007396539999717788,0.9166666666666666,0.9157571905291594,0.0616621983914209,0.4,0.10723860589812333
mod30_random_progress_0.4_03,mod30,random_progress,3,1119,120,0.10723860589812333,0.0007559250000213069,0.8833333333333333,0.883582796513831,0.07832886505808759,0.4,0.10723860589812333
mod30_random_progress_0.4_04,mod30,random_progress,4,1119,120,0.10723860589812333,0.000798533999841311,0.9166666666666666,0.9106886808367072,0.2176050044682752,0.4,0.10723860589812333
mod30_random_progress_0.4_05,mod30,random_progress,5,1119,120,0.10723860589812333,0.0008006130001376732,0.8666666666666667,0.8723733208322739,0.2176050044682752,0.4,0.10723860589812333
mod30_random_progress_0.4_06,mod30,random_progress,6,1119,120,0.10723860589812333,0.0007358069999554573,0.9083333333333333,0.9001273236567354,0.11644325290437899,0.4,0.10723860589812333
mod30_random_progress_0.4_07,mod30,random_progress,7,1119,120,0.10723860589812333,0.0006395590000920492,0.9333333333333333,0.9277295285359801,0.10093833780160852,0.4,0.10723860589812333
mod30_random_progress_0.4_08,mod30,random_progress,8,1119,120,0.10723860589812333,0.0006710630000270612,0.8833333333333333,0.8797582317863624,0.15093833780160854,0.4,0.10723860589812333
mod30_random_progress_0.4_09,mod30,random_progress,9,1119,120,0.10723860589812333,0.0006929400001354225,0.9,0.9070235858026556,0.18762287756925827,0.4,0.10723860589812333
mod30_progress_0.5,mod30,deterministic_progress,-1,1119,149,0.13315460232350312,0.0006991699999616685,0.912751677852349,0.9163950829045169,0.18236560687574593,0.5,0.13315460232350312
mod30_random_progress_0.5_00,mod30,random_progress,0,1119,149,0.13315460232350312,0.0007332749999022781,0.8590604026845637,0.8693121693121693,0.05402714552182861,0.5,0.13315460232350312
mod30_random_progress_0.5_01,mod30,random_progress,1,1119,149,0.13315460232350312,0.000671200999931898,0.8859060402684564,0.88498511060692,0.08087278310572124,0.5,0.13315460232350312
mod30_random_progress_0.5_02,mod30,random_progress,2,1119,149,0.13315460232350312,0.000740283999903113,0.8590604026845637,0.8570900537634407,0.1152515129160144,0.5,0.13315460232350312
mod30_random_progress_0.5_03,mod30,random_progress,3,1119,149,0.13315460232350312,0.0007664729998850817,0.8859060402684564,0.8849874084249084,0.09791820357342063,0.5,0.13315460232350312
mod30_random_progress_0.5_04,mod30,random_progress,4,1119,149,0.13315460232350312,0.0007241040000280918,0.9060402684563759,0.9082081203769596,0.036309984346042434,0.5,0.13315460232350312
mod30_random_progress_0.5_05,mod30,random_progress,5,1119,149,0.13315460232350312,0.0007464660000096046,0.8456375838926175,0.8494973692878441,0.10149282377002475,0.5,0.13315460232350312
mod30_random_progress_0.5_06,mod30,random_progress,6,1119,149,0.13315460232350312,0.0007947400001739879,0.8791946308724832,0.8687121212121212,0.14924639089311523,0.5,0.13315460232350312
mod30_random_progress_0.5_07,mod30,random_progress,7,1119,149,0.13315460232350312,0.000792318000094383,0.8590604026845637,0.8585393772893772,0.06837360778739404,0.5,0.13315460232350312
mod30_random_progress_0.5_08,mod30,random_progress,8,1119,149,0.13315460232350312,0.0007597050000640593,0.9060402684563759,0.9035068426197459,0.13026971588966665,0.5,0.13315460232350312
mod30_random_progress_0.5_09,mod30,random_progress,9,1119,149,0.13315460232350312,0.0007679130001179146,0.9194630872483222,0.9211872586872587,0.06122436739418585,0.5,0.13315460232350312
mod30_progress_0.6,mod30,deterministic_progress,-1,1119,179,0.15996425379803395,0.0007753360000606335,0.9217877094972067,0.923591999398451,0.16369364107018938,0.6,0.15996425379803395
mod30_random_progress_0.6_00,mod30,random_progress,0,1119,179,0.15996425379803395,0.0007561259999420145,0.8994413407821229,0.8956696497712441,0.048387177298166245,0.6,0.15996425379803395
mod30_random_progress_0.6_01,mod30,random_progress,1,1119,179,0.15996425379803395,0.0007839300001251104,0.8715083798882681,0.867593681324128,0.06724879057019181,0.6,0.15996425379803395
mod30_random_progress_0.6_02,mod30,random_progress,2,1119,179,0.15996425379803395,0.0007573020000108954,0.9050279329608939,0.8998436601495112,0.00693955596826773,0.6,0.15996425379803395
mod30_random_progress_0.6_03,mod30,random_progress,3,1119,179,0.15996425379803395,0.0007968249999521504,0.8938547486033519,0.8902334435008159,0.11194152800035947,0.6,0.15996425379803395
mod30_random_progress_0.6_04,mod30,random_progress,4,1119,179,0.15996425379803395,0.000737060999881578,0.8603351955307262,0.8640262385147295,0.17183139375240267,0.6,0.15996425379803395
mod30_random_progress_0.6_05,mod30,random_progress,5,1119,179,0.15996425379803395,0.0007463919998826896,0.8938547486033519,0.8831395733969264,0.1521909526163124,0.6,0.15996425379803395
mod30_random_progress_0.6_06,mod30,random_progress,6,1119,179,0.15996425379803395,0.0007062119998408889,0.8715083798882681,0.8647239163223819,0.08917579043539475,0.6,0.15996425379803395
mod30_random_progress_0.6_07,mod30,random_progress,7,1119,179,0.15996425379803395,0.0007335489999604761,0.9106145251396648,0.9145604395604395,0.138311840679777,0.6,0.15996425379803395
mod30_random_progress_0.6_08,mod30,random_progress,8,1119,179,0.15996425379803395,0.0007647899999483343,0.8268156424581006,0.8141343925852367,0.08211641479573245,0.6,0.15996425379803395
mod30_random_progress_0.6_09,mod30,random_progress,9,1119,179,0.15996425379803395,0.0007761320000554406,0.9050279329608939,0.8976925054914403,0.12615014403322994,0.6,0.15996425379803395
mod30_progress_0.7,mod30,deterministic_progress,-1,1119,209,0.1867739052725648,0.0008647069998914958,0.9186602870813397,0.9185518673872711,0.14542204890730362,0.7000000000000001,0.1867739052725648
mod30_random_progress_0.7_00,mod30,random_progress,0,1119,209,0.1867739052725648,0.0007967779999944469,0.9186602870813397,0.9157867771540587,0.025980134347567657,0.7000000000000001,0.1867739052725648
mod30_random_progress_0.7_01,mod30,random_progress,1,1119,209,0.1867739052725648,0.0009901680000439228,0.8899521531100478,0.8833686510319807,0.04596551090130882,0.7000000000000001,0.1867739052725648
mod30_random_progress_0.7_02,mod30,random_progress,2,1119,209,0.1867739052725648,0.0007532490001267433,0.8851674641148325,0.8766510817241189,0.06529240478725448,0.7000000000000001,0.1867739052725648
mod30_random_progress_0.7_03,mod30,random_progress,3,1119,209,0.1867739052725648,0.0009822659999372263,0.8947368421052632,0.8892349726775957,0.09400053875854639,0.7000000000000001,0.1867739052725648
mod30_random_progress_0.7_04,mod30,random_progress,4,1119,209,0.1867739052725648,0.0008819899999252812,0.8899521531100478,0.8939850725009179,0.08339640229015141,0.7000000000000001,0.1867739052725648
mod30_random_progress_0.7_05,mod30,random_progress,5,1119,209,0.1867739052725648,0.0008759820000250329,0.8803827751196173,0.8755383716225329,0.057955026488961864,0.7000000000000001,0.1867739052725648
mod30_random_progress_0.7_06,mod30,random_progress,6,1119,209,0.1867739052725648,0.0009090389999073523,0.8851674641148325,0.8805109309751904,0.06644688738663618,0.7000000000000001,0.1867739052725648
mod30_random_progress_0.7_07,mod30,random_progress,7,1119,209,0.1867739052725648,0.0009359850000691949,0.8899521531100478,0.8851894507291809,0.0505748895758773,0.7000000000000001,0.1867739052725648
mod30_random_progress_0.7_08,mod30,random_progress,8,1119,209,0.1867739052725648,0.0008155349999015016,0.9043062200956937,0.9007209774817991,0.055723026796823893,0.7000000000000001,0.1867739052725648
mod30_random_progress_0.7_09,mod30,random_progress,9,1119,209,0.1867739052725648,0.0008659170000555605,0.8755980861244019,0.8662516727524596,0.07140688670249834,0.7000000000000001,0.1867739052725648
mod30_progress_0.8,mod30,deterministic_progress,-1,1119,239,0.21358355674709562,0.0008029580001220893,0.9163179916317992,0.916239134542706,0.14041227784819826,0.8,0.21358355674709562
mod30_random_progress_0.8_00,mod30,random_progress,0,1119,239,0.21358355674709562,0.0007440689998929884,0.891213389121339,0.8834864989397206,0.07334701859475551,0.8,0.21358355674709562
mod30_random_progress_0.8_01,mod30,random_progress,1,1119,239,0.21358355674709562,0.0008039619999635761,0.891213389121339,0.8907631203534373,0.08564879730482605,0.8,0.21358355674709562
mod30_random_progress_0.8_02,mod30,random_progress,2,1119,239,0.21358355674709562,0.0008424059999470046,0.8744769874476988,0.8719757992146052,0.07421449964665103,0.8,0.21358355674709562
mod30_random_progress_0.8_03,mod30,random_progress,3,1119,239,0.21358355674709562,0.0008078920000116341,0.9205020920502092,0.9183404756032392,0.07837990435273579,0.8,0.21358355674709562
mod30_random_progress_0.8_04,mod30,random_progress,4,1119,239,0.21358355674709562,0.000784099999918908,0.9037656903765691,0.9006307402745846,0.027071391447085452,0.8,0.21358355674709562
mod30_random_progress_0.8_05,mod30,random_progress,5,1119,239,0.21358355674709562,0.000779289000092831,0.8786610878661087,0.8762214006848568,0.05032885757980268,0.8,0.21358355674709562
mod30_random_progress_0.8_06,mod30,random_progress,6,1119,239,0.21358355674709562,0.000806194000006144,0.899581589958159,0.895764320220842,0.05315564928339328,0.8,0.21358355674709562
mod30_random_progress_0.8_07,mod30,random_progress,7,1119,239,0.21358355674709562,0.0008695609999449516,0.8786610878661087,0.8738048034643985,0.0751941549724986,0.8,0.21358355674709562
mod30_random_progress_0.8_08,mod30,random_progress,8,1119,239,0.21358355674709562,0.000831348000019716,0.9121338912133892,0.9131353021978021,0.030526359084807553,0.8,0.21358355674709562
mod30_random_progress_0.8_09,mod30,random_progress,9,1119,239,0.21358355674709562,0.0008787690001099691,0.8828451882845189,0.8813077986882902,0.027071391447085452,0.8,0.21358355674709562
mod30_progress_0.9,mod30,deterministic_progress,-1,1119,269,0.24039320822162646,0.0008478709999053535,0.9070631970260223,0.9049245403138224,0.11036141536355812,0.9,0.24039320822162646
mod30_random_progress_0.9_00,mod30,random_progress,0,1119,269,0.24039320822162646,0.0008292280001569452,0.8736059479553904,0.8735783484457544,0.05823043011717183,0.9,0.24039320822162646
mod30_random_progress_0.9_01,mod30,random_progress,1,1119,269,0.24039320822162646,0.0007738720000816102,0.8661710037174721,0.8678636493899943,0.09926547534807692,0.9,0.24039320822162646
mod30_random_progress_0.9_02,mod30,random_progress,2,1119,269,0.24039320822162646,0.0008325250000780215,0.895910780669145,0.8908404582256315,0.06072867768951962,0.9,0.24039320822162646
mod30_random_progress_0.9_03,mod30,random_progress,3,1119,269,0.24039320822162646,0.0007973300000685413,0.8810408921933085,0.8857148935161848,0.10891296331363307,0.9,0.24039320822162646
mod30_random_progress_0.9_04,mod30,random_progress,4,1119,269,0.24039320822162646,0.0007692980000228999,0.8996282527881041,0.8973338149489044,0.0505961576155024,0.9,0.24039320822162646
mod30_random_progress_0.9_05,mod30,random_progress,5,1119,269,0.24039320822162646,0.0007850189999771828,0.862453531598513,0.8622082166199814,0.051958234084468674,0.9,0.24039320822162646
mod30_random_progress_0.9_06,mod30,random_progress,6,1119,269,0.24039320822162646,0.0007850480001252436,0.8661710037174721,0.8695733509438945,0.0939566992568378,0.9,0.24039320822162646
mod30_random_progress_0.9_07,mod30,random_progress,7,1119,269,0.24039320822162646,0.00102600800005348,0.8513011152416357,0.8445786071879742,0.05465580992056765,0.9,0.24039320822162646
mod30_random_progress_0.9_08,mod30,random_progress,8,1119,269,0.24039320822162646,0.0008942330000536458,0.8847583643122676,0.8843927199561002,0.04943340941028734,0.9,0.24039320822162646
mod30_random_progress_0.9_09,mod30,random_progress,9,1119,269,0.24039320822162646,0.0008603400001447881,0.8810408921933085,0.8758929780606717,0.05329373345160143,0.9,0.24039320822162646
mod30_progress_1.0,mod30,deterministic_progress,-1,1119,298,0.26630920464700625,0.0009349870001642557,0.9060402684563759,0.9031874039938557,0.09511728472809494,1.0,0.26630920464700625
mod30_random_progress_1.0_00,mod30,random_progress,0,1119,298,0.26630920464700625,0.0008340570000200387,0.8959731543624161,0.8912337662337662,0.06156023774822916,1.0,0.26630920464700625
mod30_random_progress_1.0_01,mod30,random_progress,1,1119,298,0.26630920464700625,0.0008748380000724865,0.8859060402684564,0.8837354772129565,0.037851389363705495,1.0,0.26630920464700625
mod30_random_progress_1.0_02,mod30,random_progress,2,1119,298,0.26630920464700625,0.0007875339999827702,0.8993288590604027,0.9005877034358047,0.06281975157589176,1.0,0.26630920464700625
mod30_random_progress_1.0_03,mod30,random_progress,3,1119,298,0.26630920464700625,0.0008569579999857524,0.8590604026845637,0.8550915171850131,0.038673072194133074,1.0,0.26630920464700625
mod30_random_progress_1.0_04,mod30,random_progress,4,1119,298,0.26630920464700625,0.0008113339999908931,0.8926174496644296,0.885013423820585,0.09984945810916984,1.0,0.26630920464700625
mod30_random_progress_1.0_05,mod30,random_progress,5,1119,298,0.26630920464700625,0.0009325909998096904,0.8590604026845637,0.8563797037793961,0.05093833780160853,1.0,0.26630920464700625
mod30_random_progress_1.0_06,mod30,random_progress,6,1119,298,0.26630920464700625,0.0008026880000215897,0.8791946308724832,0.8724102626278956,0.06629241112930406,1.0,0.26630920464700625
mod30_random_progress_1.0_07,mod30,random_progress,7,1119,298,0.26630920464700625,0.0007988859999841225,0.8959731543624161,0.8972716608755166,0.07223011917399885,1.0,0.26630920464700625
mod30_random_progress_1.0_08,mod30,random_progress,8,1119,298,0.26630920464700625,0.0008214899999074987,0.912751677852349,0.907011232011232,0.07657844072188139,1.0,0.26630920464700625
mod30_random_progress_1.0_09,mod30,random_progress,9,1119,298,0.26630920464700625,0.000827627000035136,0.9093959731543624,0.9033609774962492,0.0741613737097481,1.0,0.26630920464700625
mod210_progress_0.1,mod210,deterministic_progress,-1,1119,26,0.02323503127792672,0.0005572790000769601,0.9230769230769231,0.9375,0.21550835223757472,0.1,0.02323503127792672
mod210_random_progress_0.1_00,mod210,random_progress,0,1119,26,0.02323503127792672,0.0005093100000976847,0.8846153846153846,0.8541666666666666,0.1856740221351482,0.1,0.02323503127792672
mod210_random_progress_0.1_01,mod210,random_progress,1,1119,26,0.02323503127792672,0.00048797599993122276,0.8846153846153846,0.8583333333333334,0.21550835223757472,0.1,0.02323503127792672
mod210_random_progress_0.1_02,mod210,random_progress,2,1119,26,0.02323503127792672,0.0005195759999878646,0.8461538461538461,0.75,0.33010242661717193,0.1,0.02323503127792672
mod210_random_progress_0.1_03,mod210,random_progress,3,1119,26,0.02323503127792672,0.0005659429998559062,0.8846153846153846,0.9017857142857143,0.29112531793496943,0.1,0.02323503127792672
mod210_random_progress_0.1_04,mod210,random_progress,4,1119,26,0.02323503127792672,0.0005617859999347274,0.8846153846153846,0.8705357142857143,0.2213514814051007,0.1,0.02323503127792672
mod210_random_progress_0.1_05,mod210,random_progress,5,1119,26,0.02323503127792672,0.0005589289999079483,1.0,1.0,0.3586306454939162,0.1,0.02323503127792672
mod210_random_progress_0.1_06,mod210,random_progress,6,1119,26,0.02323503127792672,0.0007469689999197726,0.9230769230769231,0.9166666666666666,0.1444284044820238,0.1,0.02323503127792672
mod210_random_progress_0.1_07,mod210,random_progress,7,1119,26,0.02323503127792672,0.0005905699999857461,0.8461538461538461,0.8428571428571429,0.1480030246786279,0.1,0.02323503127792672
mod210_random_progress_0.1_08,mod210,random_progress,8,1119,26,0.02323503127792672,0.000550236999970366,0.8076923076923077,0.8535714285714286,0.3787722554478587,0.1,0.02323503127792672
mod210_random_progress_0.1_09,mod210,random_progress,9,1119,26,0.02323503127792672,0.0005198510000354872,0.7692307692307693,0.7708333333333334,0.6001237368529594,0.1,0.02323503127792672
mod210_progress_0.2,mod210,deterministic_progress,-1,1119,52,0.04647006255585344,0.0005718710001474392,0.9038461538461539,0.9186507936507936,0.30184917852478177,0.2,0.04647006255585344
mod210_random_progress_0.2_00,mod210,random_progress,0,1119,52,0.04647006255585344,0.00060009000003447,0.9230769230769231,0.9308823529411765,0.25317934969409495,0.2,0.04647006255585344
mod210_random_progress_0.2_01,mod210,random_progress,1,1119,52,0.04647006255585344,0.0006287969999902998,0.8846153846153846,0.8841269841269841,0.07028940675053275,0.2,0.04647006255585344
mod210_random_progress_0.2_02,mod210,random_progress,2,1119,52,0.04647006255585344,0.0005886209999061975,0.8076923076923077,0.7996794871794872,0.05093833780160856,0.2,0.04647006255585344
mod210_random_progress_0.2_03,mod210,random_progress,3,1119,52,0.04647006255585344,0.0005851660000644188,0.8653846153846154,0.8772727272727272,0.35278751632639027,0.2,0.04647006255585344
mod210_random_progress_0.2_04,mod210,random_progress,4,1119,52,0.04647006255585344,0.0005846509998264082,0.7884615384615384,0.7855894105894106,0.1059668660204853,0.2,0.04647006255585344
mod210_random_progress_0.2_05,mod210,random_progress,5,1119,52,0.04647006255585344,0.000676973000054204,0.8653846153846154,0.8695804195804197,0.1314360349212896,0.2,0.04647006255585344
mod210_random_progress_0.2_06,mod210,random_progress,6,1119,52,0.04647006255585344,0.0006185569998251594,0.8846153846153846,0.8944444444444444,0.16326390321028386,0.2,0.04647006255585344
mod210_random_progress_0.2_07,mod210,random_progress,7,1119,52,0.04647006255585344,0.0005522330000076181,0.7884615384615384,0.7736111111111111,0.20478449164776238,0.2,0.04647006255585344
mod210_random_progress_0.2_08,mod210,random_progress,8,1119,52,0.04647006255585344,0.0007696000000123604,0.8461538461538461,0.8336101398601399,0.24324603010930088,0.2,0.04647006255585344
mod210_random_progress_0.2_09,mod210,random_progress,9,1119,52,0.04647006255585344,0.0006356910000704374,0.8461538461538461,0.8191459276018099,0.13779473430947958,0.2,0.04647006255585344
mod210_progress_0.3,mod210,deterministic_progress,-1,1119,77,0.06881143878462913,0.0006529120000777766,0.9090909090909091,0.9085227272727272,0.25017699012337086,0.30000000000000004,0.06881143878462913
mod210_random_progress_0.3_00,mod210,random_progress,0,1119,77,0.06881143878462913,0.0006576320001840941,0.8961038961038961,0.9033004506150286,0.19737010085535553,0.30000000000000004,0.06881143878462913
mod210_random_progress_0.3_01,mod210,random_progress,1,1119,77,0.06881143878462913,0.000637888999790448,0.8961038961038961,0.9039786967418546,0.21976950663277736,0.30000000000000004,0.06881143878462913
mod210_random_progress_0.3_02,mod210,random_progress,2,1119,77,0.06881143878462913,0.0006386450002082711,0.8961038961038961,0.8911842105263158,0.12745610064644913,0.30000000000000004,0.06881143878462913
mod210_random_progress_0.3_03,mod210,random_progress,3,1119,77,0.06881143878462913,0.0006524959999296698,0.8831168831168831,0.884536541889483,0.1454220489073036,0.30000000000000004,0.06881143878462913
mod210_random_progress_0.3_04,mod210,random_progress,4,1119,77,0.06881143878462913,0.0005974599998808117,0.8961038961038961,0.8972727272727272,0.23618026298991446,0.30000000000000004,0.06881143878462913
mod210_random_progress_0.3_05,mod210,random_progress,5,1119,77,0.06881143878462913,0.0006610819998513762,0.935064935064935,0.9100589225589226,0.17940415259450113,0.30000000000000004,0.06881143878462913
mod210_random_progress_0.3_06,mod210,random_progress,6,1119,77,0.06881143878462913,0.0006150140000045212,0.922077922077922,0.9012521043771043,0.21821431472906,0.30000000000000004,0.06881143878462913
mod210_random_progress_0.3_07,mod210,random_progress,7,1119,77,0.06881143878462913,0.0006374080001023685,0.8961038961038961,0.8535278514588859,0.3480844445991899,0.30000000000000004,0.06881143878462913
mod210_random_progress_0.3_08,mod210,random_progress,8,1119,77,0.06881143878462913,0.0006144500000573316,0.9090909090909091,0.9124670619235836,0.11789283102956027,0.30000000000000004,0.06881143878462913
mod210_random_progress_0.3_09,mod210,random_progress,9,1119,77,0.06881143878462913,0.0006434520000766497,0.922077922077922,0.9131477591036414,0.27171755858082935,0.30000000000000004,0.06881143878462913
mod210_progress_0.4,mod210,deterministic_progress,-1,1119,103,0.09204647006255585,0.0007362910000665579,0.912621359223301,0.9156313131313131,0.18072655023122242,0.4,0.09204647006255585
mod210_random_progress_0.4_00,mod210,random_progress,0,1119,103,0.09204647006255585,0.000657716999967306,0.8737864077669902,0.8749375624375624,0.12724606748397058,0.4,0.09204647006255585
mod210_random_progress_0.4_01,mod210,random_progress,1,1119,103,0.09204647006255585,0.000653572999908647,0.9320388349514563,0.93393849670147,0.10543394327459507,0.4,0.09204647006255585
mod210_random_progress_0.4_02,mod210,random_progress,2,1119,103,0.09204647006255585,0.0008034260001750226,0.8640776699029126,0.8623120300751879,0.04751121406942746,0.4,0.09204647006255585
mod210_random_progress_0.4_03,mod210,random_progress,3,1119,103,0.09204647006255585,0.0006452239999816811,0.8932038834951457,0.8972486772486773,0.12724606748397055,0.4,0.09204647006255585
mod210_random_progress_0.4_04,mod210,random_progress,4,1119,103,0.09204647006255585,0.0007172429998263397,0.9029126213592233,0.9063915012190874,0.04718151609012902,0.4,0.09204647006255585
mod210_random_progress_0.4_05,mod210,random_progress,5,1119,103,0.09204647006255585,0.0006678990000636986,0.883495145631068,0.8935483870967742,0.21989119966683154,0.4,0.09204647006255585
mod210_random_progress_0.4_06,mod210,random_progress,6,1119,103,0.09204647006255585,0.0006457839999711723,0.883495145631068,0.8679989365473236,0.16401606843835947,0.4,0.09204647006255585
mod210_random_progress_0.4_07,mod210,random_progress,7,1119,103,0.09204647006255585,0.0006504999998924177,0.912621359223301,0.8986363636363636,0.17715193003461827,0.4,0.09204647006255585
mod210_random_progress_0.4_08,mod210,random_progress,8,1119,103,0.09204647006255585,0.001171593999970355,0.8737864077669902,0.8649242424242425,0.18787579062443063,0.4,0.09204647006255585
mod210_random_progress_0.4_09,mod210,random_progress,9,1119,103,0.09204647006255585,0.0008045550000588264,0.912621359223301,0.9013104838709678,0.16878801287557366,0.4,0.09204647006255585
mod210_progress_0.5,mod210,deterministic_progress,-1,1119,128,0.11438784629133154,0.0007450130001416255,0.9296875,0.9320512820512821,0.1795129579982127,0.5,0.11438784629133154
mod210_random_progress_0.5_00,mod210,random_progress,0,1119,128,0.11438784629133154,0.0007167520000166405,0.921875,0.9256606606606607,0.0789628016085791,0.5,0.11438784629133154
mod210_random_progress_0.5_01,mod210,random_progress,1,1119,128,0.11438784629133154,0.0010438399999657122,0.875,0.8699930337861372,0.0772871983914209,0.5,0.11438784629133154
mod210_random_progress_0.5_02,mod210,random_progress,2,1119,128,0.11438784629133154,0.002165194000099291,0.90625,0.8968732792262204,0.1085371983914209,0.5,0.11438784629133154
mod210_random_progress_0.5_03,mod210,random_progress,3,1119,128,0.11438784629133154,0.0009201609998399363,0.90625,0.9028621125869702,0.0772871983914209,0.5,0.11438784629133154
mod210_random_progress_0.5_04,mod210,random_progress,4,1119,128,0.11438784629133154,0.00204534399995282,0.8984375,0.8995941558441558,0.03888795799821271,0.5,0.11438784629133154
mod210_random_progress_0.5_05,mod210,random_progress,5,1119,128,0.11438784629133154,0.0008827449998989323,0.890625,0.8943011011976529,0.19293174709562105,0.5,0.11438784629133154
mod210_random_progress_0.5_06,mod210,random_progress,6,1119,128,0.11438784629133154,0.0008366360000309214,0.875,0.8959866220735786,0.1897062109025916,0.5,0.11438784629133154
mod210_random_progress_0.5_07,mod210,random_progress,7,1119,128,0.11438784629133154,0.0007596559999001329,0.8671875,0.8625420875420875,0.11343833780160856,0.5,0.11438784629133154
mod210_random_progress_0.5_08,mod210,random_progress,8,1119,128,0.11438784629133154,0.0007879269999193639,0.8671875,0.8780703317591849,0.1795129579982127,0.5,0.11438784629133154
mod210_random_progress_0.5_09,mod210,random_progress,9,1119,128,0.11438784629133154,0.0009030969999912486,0.890625,0.891819067370538,0.0334562109025916,0.5,0.11438784629133154
mod210_progress_0.6,mod210,deterministic_progress,-1,1119,154,0.13762287756925826,0.0007838050000827934,0.935064935064935,0.9337530432136335,0.15926789921427992,0.6,0.13762287756925826
mod210_random_progress_0.6_00,mod210,random_progress,0,1119,154,0.13762287756925826,0.0008460649999051384,0.8636363636363636,0.8627086007702183,0.13087984401657324,0.6,0.13762287756925826
mod210_random_progress_0.6_01,mod210,random_progress,1,1119,154,0.13762287756925826,0.0008305639998980041,0.8766233766233766,0.8828709310775308,0.15840906189431658,0.6,0.13762287756925826
mod210_random_progress_0.6_02,mod210,random_progress,2,1119,154,0.13762287756925826,0.0007417829999667447,0.8766233766233766,0.871031746031746,0.10716897043974791,0.6,0.13762287756925826
mod210_random_progress_0.6_03,mod210,random_progress,3,1119,154,0.13762287756925826,0.0008636569998543564,0.8961038961038961,0.8992023273273273,0.12659726332648583,0.6,0.13762287756925826
mod210_random_progress_0.6_04,mod210,random_progress,4,1119,154,0.13762287756925826,0.0009026410000387841,0.8701298701298701,0.8699830310448425,0.041525945011199716,0.6,0.13762287756925826
mod210_random_progress_0.6_05,mod210,random_progress,5,1119,154,0.13762287756925826,0.0007249619998219714,0.8896103896103896,0.8894452321871676,0.029246892517669987,0.6,0.13762287756925826
mod210_random_progress_0.6_06,mod210,random_progress,6,1119,154,0.13762287756925826,0.000780090000034761,0.8246753246753247,0.8307449345465616,0.13243503592029063,0.6,0.13762287756925826
mod210_random_progress_0.6_07,mod210,random_progress,7,1119,154,0.13762287756925826,0.0007324279999920691,0.8571428571428571,0.8502124283374284,0.11361025033947283,0.6,0.13762287756925826
mod210_random_progress_0.6_08,mod210,random_progress,8,1119,154,0.13762287756925826,0.0008141270000123768,0.8701298701298701,0.869968694096601,0.08763622436544688,0.6,0.13762287756925826
mod210_random_progress_0.6_09,mod210,random_progress,9,1119,154,0.13762287756925826,0.0008027670000956277,0.9090909090909091,0.9011152671900482,0.10062323735245987,0.6,0.13762287756925826
mod210_progress_0.7,mod210,deterministic_progress,-1,1119,180,0.16085790884718498,0.0009601740000562131,0.9333333333333333,0.9315988835725678,0.14340184688710159,0.7000000000000001,0.16085790884718498
mod210_random_progress_0.7_00,mod210,random_progress,0,1119,180,0.16085790884718498,0.0008093249998637475,0.8555555555555555,0.8440260719672484,0.0827822460530235,0.7000000000000001,0.16085790884718498
mod210_random_progress_0.7_01,mod210,random_progress,1,1119,180,0.16085790884718498,0.0008322900000621303,0.9,0.9031685137823245,0.1656240691093238,0.7000000000000001,0.16085790884718498
mod210_random_progress_0.7_02,mod210,random_progress,2,1119,180,0.16085790884718498,0.0008716350000668172,0.8666666666666667,0.847814465408805,0.09350610664283593,0.7000000000000001,0.16085790884718498
mod210_random_progress_0.7_03,mod210,random_progress,3,1119,180,0.16085790884718498,0.0008747870001570845,0.8555555555555555,0.8661962207750614,0.14906166219839148,0.7000000000000001,0.16085790884718498
mod210_random_progress_0.7_04,mod210,random_progress,4,1119,180,0.16085790884718498,0.0010169279998990532,0.8777777777777778,0.8708653751355615,0.03437593089067614,0.7000000000000001,0.16085790884718498
mod210_random_progress_0.7_05,mod210,random_progress,5,1119,180,0.16085790884718498,0.0007990199999312608,0.9,0.8933955927562066,0.07849270181709861,0.7000000000000001,0.16085790884718498
mod210_random_progress_0.7_06,mod210,random_progress,6,1119,180,0.16085790884718498,0.001838090000092052,0.8888888888888888,0.8950544579533941,0.10032767351802199,0.7000000000000001,0.16085790884718498
mod210_random_progress_0.7_07,mod210,random_progress,7,1119,180,0.16085790884718498,0.0007767209999656188,0.8611111111111112,0.8615995115995116,0.12117962466487936,0.7000000000000001,0.16085790884718498
mod210_random_progress_0.7_08,mod210,random_progress,8,1119,180,0.16085790884718498,0.0009076849999019032,0.8666666666666667,0.8694901929229533,0.0709562109025916,0.7000000000000001,0.16085790884718498
mod210_random_progress_0.7_09,mod210,random_progress,9,1119,180,0.16085790884718498,0.00188024699991729,0.8444444444444444,0.8457533298737242,0.10577896931784328,0.7000000000000001,0.16085790884718498
mod210_progress_0.8,mod210,deterministic_progress,-1,1119,205,0.18319928507596067,0.000901677000001655,0.926829268292683,0.926482083055454,0.147195884827481,0.8,0.18319928507596067
mod210_random_progress_0.8_00,mod210,random_progress,0,1119,205,0.18319928507596067,0.0008589530000335799,0.8585365853658536,0.8580059193488716,0.08111772270537715,0.8,0.18319928507596067
mod210_random_progress_0.8_01,mod210,random_progress,1,1119,205,0.18319928507596067,0.0010736930000803113,0.8731707317073171,0.8670545545545546,0.05768216395300679,0.8,0.18319928507596067
mod210_random_progress_0.8_02,mod210,random_progress,2,1119,205,0.18319928507596067,0.0008145220001551934,0.926829268292683,0.9254748532845334,0.032337234900499084,0.8,0.18319928507596067
mod210_random_progress_0.8_03,mod210,random_progress,3,1119,205,0.18319928507596067,0.000879531999999017,0.8682926829268293,0.8596464019851117,0.07225963948647524,0.8,0.18319928507596067
mod210_random_progress_0.8_04,mod210,random_progress,4,1119,205,0.18319928507596067,0.0008180140000604297,0.8926829268292683,0.8925002368096997,0.032337234900499084,0.8,0.18319928507596067
mod210_random_progress_0.8_05,mod210,random_progress,5,1119,205,0.18319928507596067,0.0008669219998864719,0.8975609756097561,0.8935980017006803,0.0917718346084265,0.8,0.18319928507596067
mod210_random_progress_0.8_06,mod210,random_progress,6,1119,205,0.18319928507596067,0.0008367209998141334,0.8731707317073171,0.8675103456315207,0.1162187493188605,0.8,0.18319928507596067
mod210_random_progress_0.8_07,mod210,random_progress,7,1119,205,0.18319928507596067,0.0008060899999691173,0.926829268292683,0.9212650415178018,0.08508467926502317,0.8,0.18319928507596067
mod210_random_progress_0.8_08,mod210,random_progress,8,1119,205,0.18319928507596067,0.0008057769998686126,0.8926829268292683,0.8873756875917668,0.0363041914601451,0.8,0.18319928507596067
mod210_random_progress_0.8_09,mod210,random_progress,9,1119,205,0.18319928507596067,0.0008088649999535846,0.9073170731707317,0.9029291156403608,0.10459687438697438,0.8,0.18319928507596067
mod210_progress_0.9,mod210,deterministic_progress,-1,1119,231,0.2064343163538874,0.0008888470001693349,0.922077922077922,0.9210004830599653,0.12896486891124964,0.9,0.2064343163538874
mod210_random_progress_0.9_00,mod210,random_progress,0,1119,231,0.2064343163538874,0.001216600000134349,0.8831168831168831,0.8807945526695526,0.05522091849169594,0.9,0.2064343163538874
mod210_random_progress_0.9_01,mod210,random_progress,1,1119,231,0.2064343163538874,0.001115836000053605,0.8701298701298701,0.8670923560531054,0.05733319406241655,0.9,0.2064343163538874
mod210_random_progress_0.9_02,mod210,random_progress,2,1119,231,0.2064343163538874,0.0009102550000079646,0.8874458874458875,0.884920473557022,0.07464921137843389,0.9,0.2064343163538874
mod210_random_progress_0.9_03,mod210,random_progress,3,1119,231,0.2064343163538874,0.0008572210001602798,0.8961038961038961,0.8958113482002611,0.039970753107482354,0.9,0.2064343163538874
mod210_random_progress_0.9_04,mod210,random_progress,4,1119,231,0.2064343163538874,0.0008468120001907664,0.8917748917748918,0.8870802808302809,0.074602787739517,0.9,0.2064343163538874
mod210_random_progress_0.9_05,mod210,random_progress,5,1119,231,0.2064343163538874,0.0009214679998876818,0.8874458874458875,0.8864722493754752,0.11793925466847718,0.9,0.2064343163538874
mod210_random_progress_0.9_06,mod210,random_progress,6,1119,231,0.2064343163538874,0.001268923999987237,0.8787878787878788,0.8825417201540436,0.1361141093044578,0.9,0.2064343163538874
mod210_random_progress_0.9_07,mod210,random_progress,7,1119,231,0.2064343163538874,0.0009203790000356094,0.9090909090909091,0.9045424441781953,0.07258335944663019,0.9,0.2064343163538874
mod210_random_progress_0.9_08,mod210,random_progress,8,1119,231,0.2064343163538874,0.0015394380000088859,0.8961038961038961,0.8941484234500954,0.0737439504195537,0.9,0.2064343163538874
mod210_random_progress_0.9_09,mod210,random_progress,9,1119,231,0.2064343163538874,0.0015780660000928037,0.8874458874458875,0.8872943722943722,0.04570407251372399,0.9,0.2064343163538874
mod210_progress_1.0,mod210,deterministic_progress,-1,1119,256,0.2287756925826631,0.0012640639999972336,0.91796875,0.9157271740605074,0.1037687109025916,1.0,0.2287756925826631
mod210_random_progress_1.0_00,mod210,random_progress,0,1119,256,0.2287756925826631,0.0019653829999697336,0.875,0.8757757020761163,0.11581909070598745,1.0,0.2287756925826631
mod210_random_progress_1.0_01,mod210,random_progress,1,1119,256,0.2287756925826631,0.0011422589998346666,0.875,0.8734582735533237,0.09613075290437895,1.0,0.2287756925826631
mod210_random_progress_1.0_02,mod210,random_progress,2,1119,256,0.2287756925826631,0.0011451980001311313,0.9140625,0.9111847780683593,0.08187416219839144,1.0,0.2287756925826631
mod210_random_progress_1.0_03,mod210,random_progress,3,1119,256,0.2287756925826631,0.0009681949998139316,0.87890625,0.8813419117647059,0.08576295799821271,1.0,0.2287756925826631
mod210_random_progress_1.0_04,mod210,random_progress,4,1119,256,0.2287756925826631,0.0009627919998820289,0.84765625,0.8443223910906987,0.09000083780160856,1.0,0.2287756925826631
mod210_random_progress_1.0_05,mod210,random_progress,5,1119,256,0.2287756925826631,0.0010122969999883935,0.8671875,0.8647959183673469,0.07406166219839144,1.0,0.2287756925826631
mod210_random_progress_1.0_06,mod210,random_progress,6,1119,256,0.2287756925826631,0.0009233150001364265,0.8515625,0.851062091503268,0.06386840929401255,1.0,0.2287756925826631
mod210_random_progress_1.0_07,mod210,random_progress,7,1119,256,0.2287756925826631,0.0008915450000586134,0.88671875,0.8761525393669551,0.10531166219839144,1.0,0.2287756925826631
mod210_random_progress_1.0_08,mod210,random_progress,8,1119,256,0.2287756925826631,0.0008414030000949424,0.890625,0.8810897435897436,0.1227937890974084,1.0,0.2287756925826631
mod210_random_progress_1.0_09,mod210,random_progress,9,1119,256,0.2287756925826631,0.0009991440001613228,0.88671875,0.8854475354475355,0.0616621983914209,1.0,0.2287756925826631
mod2310_progress_0.1,mod2310,deterministic_progress,-1,1119,24,0.021447721179624665,0.0007217699999273464,0.9166666666666666,0.9166666666666666,0.14499553172475424,0.1,0.021447721179624665
mod2310_random_progress_0.1_00,mod2310,random_progress,0,1119,24,0.021447721179624665,0.0008169340001131786,0.9583333333333334,0.9166666666666666,0.362153708668454,0.1,0.021447721179624665
mod2310_random_progress_0.1_01,mod2310,random_progress,1,1119,24,0.021447721179624665,0.001104702000020552,0.875,0.8785714285714286,0.30093833780160856,0.1,0.021447721179624665
mod2310_random_progress_0.1_02,mod2310,random_progress,2,1119,24,0.021447721179624665,0.0006090599999879487,0.75,0.7083333333333334,0.36595174262734587,0.1,0.021447721179624665
mod2310_random_progress_0.1_03,mod2310,random_progress,3,1119,24,0.021447721179624665,0.0006338959999538929,1.0,1.0,0.13427167113494187,0.1,0.021447721179624665
mod2310_random_progress_0.1_04,mod2310,random_progress,4,1119,24,0.021447721179624665,0.0006116929998825071,0.9166666666666666,0.9356060606060607,0.3947721179624665,0.1,0.021447721179624665
mod2310_random_progress_0.1_05,mod2310,random_progress,5,1119,24,0.021447721179624665,0.000533765999989555,0.9166666666666666,0.90625,0.362153708668454,0.1,0.021447721179624665
mod2310_random_progress_0.1_06,mod2310,random_progress,6,1119,24,0.021447721179624665,0.0005899479999698087,0.8333333333333334,0.8348214285714286,0.19906166219839144,0.1,0.021447721179624665
mod2310_random_progress_0.1_07,mod2310,random_progress,7,1119,24,0.021447721179624665,0.0006103020000409742,0.9166666666666666,0.9444444444444444,0.36572832886505807,0.1,0.021447721179624665
mod2310_random_progress_0.1_08,mod2310,random_progress,8,1119,24,0.021447721179624665,0.0005795629999738594,0.875,0.886904761904762,0.18856121537086692,0.1,0.021447721179624665
mod2310_random_progress_0.1_09,mod2310,random_progress,9,1119,24,0.021447721179624665,0.0005660859999352397,0.875,0.8958333333333334,0.19906166219839144,0.1,0.021447721179624665
mod2310_progress_0.2,mod2310,deterministic_progress,-1,1119,47,0.0420017873100983,0.0005533969999760302,0.8936170212765957,0.908974358974359,0.27729926035784236,0.2,0.0420017873100983
mod2310_random_progress_0.2_00,mod2310,random_progress,0,1119,47,0.0420017873100983,0.0005374530001063249,0.7872340425531915,0.8391025641025641,0.3533169813473277,0.2,0.0420017873100983
mod2310_random_progress_0.2_01,mod2310,random_progress,1,1119,47,0.0420017873100983,0.000607476000141105,0.8936170212765957,0.8990384615384616,0.1831042153898808,0.2,0.0420017873100983
mod2310_random_progress_0.2_02,mod2310,random_progress,2,1119,47,0.0420017873100983,0.0006227599999419908,0.9787234042553191,0.9722222222222222,0.08727397182134505,0.2,0.0420017873100983
mod2310_random_progress_0.2_03,mod2310,random_progress,3,1119,47,0.0420017873100983,0.0006439519997911702,0.8936170212765957,0.8964285714285714,0.09636263381058319,0.2,0.0420017873100983
mod2310_random_progress_0.2_04,mod2310,random_progress,4,1119,47,0.0420017873100983,0.0005733909999889875,0.8936170212765957,0.8747086247086248,0.09799783241115739,0.2,0.0420017873100983
mod2310_random_progress_0.2_05,mod2310,random_progress,5,1119,47,0.0420017873100983,0.0009123659999659139,0.9361702127659575,0.9408143939393939,0.2424276995037362,0.2,0.0420017873100983
mod2310_random_progress_0.2_06,mod2310,random_progress,6,1119,47,0.0420017873100983,0.0006051449997812597,0.851063829787234,0.8306277056277056,0.09442321221455324,0.2,0.0420017873100983
mod2310_random_progress_0.2_07,mod2310,random_progress,7,1119,47,0.0420017873100983,0.001347098999985974,0.9148936170212766,0.913961038961039,0.12549198562546343,0.2,0.0420017873100983
mod2310_random_progress_0.2_08,mod2310,random_progress,8,1119,47,0.0420017873100983,0.0006267709998155624,0.8723404255319149,0.890625,0.24600231970034037,0.2,0.0420017873100983
mod2310_random_progress_0.2_09,mod2310,random_progress,9,1119,47,0.0420017873100983,0.001726100999803748,0.9787234042553191,0.9807692307692308,0.08293879413610178,0.2,0.0420017873100983
mod2310_progress_0.3,mod2310,deterministic_progress,-1,1119,70,0.06255585344057193,0.0006970500000988977,0.9,0.9007814992025518,0.21833269500829824,0.30000000000000004,0.06255585344057193
mod2310_random_progress_0.3_00,mod2310,random_progress,0,1119,70,0.06255585344057193,0.001408246999972107,0.8714285714285714,0.8748120300751879,0.06334737648410568,0.30000000000000004,0.06255585344057193
mod2310_random_progress_0.3_01,mod2310,random_progress,1,1119,70,0.06255585344057193,0.0013157599998976366,0.8428571428571429,0.8356884057971015,0.16690923018000767,0.30000000000000004,0.06255585344057193
mod2310_random_progress_0.3_02,mod2310,random_progress,2,1119,70,0.06255585344057193,0.0018378709999069542,0.8714285714285714,0.8727678571428571,0.14548704200178728,0.30000000000000004,0.06255585344057193
mod2310_random_progress_0.3_03,mod2310,random_progress,3,1119,70,0.06255585344057193,0.000643528000182414,0.8857142857142857,0.8837908769973988,0.12809906804544877,0.30000000000000004,0.06255585344057193
mod2310_random_progress_0.3_04,mod2310,random_progress,4,1119,70,0.06255585344057193,0.0007774129999233992,0.9142857142857143,0.9158549783549784,0.2026298991446444,0.30000000000000004,0.06255585344057193
mod2310_random_progress_0.3_05,mod2310,random_progress,5,1119,70,0.06255585344057193,0.000763525000138543,0.9142857142857143,0.9106060606060606,0.1861866462402655,0.30000000000000004,0.06255585344057193
mod2310_random_progress_0.3_06,mod2310,random_progress,6,1119,70,0.06255585344057193,0.0007321360001242283,0.8714285714285714,0.8393610013175231,0.22405208732286483,0.30000000000000004,0.06255585344057193
mod2310_random_progress_0.3_07,mod2310,random_progress,7,1119,70,0.06255585344057193,0.0016160960001343483,0.8571428571428571,0.854599297592971,0.2545129579982127,0.30000000000000004,0.06255585344057193
mod2310_random_progress_0.3_08,mod2310,random_progress,8,1119,70,0.06255585344057193,0.0012740509998820926,0.8857142857142857,0.8716432225063937,0.16690923018000767,0.30000000000000004,0.06255585344057193
mod2310_random_progress_0.3_09,mod2310,random_progress,9,1119,70,0.06255585344057193,0.0006734090000009019,0.8428571428571429,0.8405056759545924,0.10404698072258395,0.30000000000000004,0.06255585344057193
mod2310_progress_0.4,mod2310,deterministic_progress,-1,1119,94,0.0840035746201966,0.0007093860001532448,0.9042553191489362,0.9066673740803622,0.13961934097693612,0.4,0.0840035746201966
mod2310_random_progress_0.4_00,mod2310,random_progress,0,1119,94,0.0840035746201966,0.0007100640000317071,0.9042553191489362,0.8949190126909092,0.17952959519327666,0.4,0.0840035746201966
mod2310_random_progress_0.4_01,mod2310,random_progress,1,1119,94,0.0840035746201966,0.0009573859999818524,0.8829787234042553,0.8860119047619048,0.09706614948757442,0.4,0.0840035746201966
mod2310_random_progress_0.4_02,mod2310,random_progress,2,1119,94,0.0840035746201966,0.000760843999842109,0.8617021276595744,0.8645913154533844,0.13891582529994492,0.4,0.0840035746201966
mod2310_random_progress_0.4_03,mod2310,random_progress,3,1119,94,0.0840035746201966,0.000688304000050266,0.9042553191489362,0.8822303921568627,0.20150970661494877,0.4,0.0840035746201966
mod2310_random_progress_0.4_04,mod2310,random_progress,4,1119,94,0.0840035746201966,0.0008558770000490767,0.8829787234042553,0.8881072631072632,0.07578955374289359,0.4,0.0840035746201966
mod2310_random_progress_0.4_05,mod2310,random_progress,5,1119,94,0.0840035746201966,0.0006861639999442559,0.8723404255319149,0.8604188948306595,0.11927442815583825,0.4,0.0840035746201966
mod2310_random_progress_0.4_06,mod2310,random_progress,6,1119,94,0.0840035746201966,0.0007639599998583435,0.8723404255319149,0.8582535885167464,0.1269560587910938,0.4,0.0840035746201966
mod2310_random_progress_0.4_07,mod2310,random_progress,7,1119,94,0.0840035746201966,0.0008538539998426131,0.8404255319148937,0.8442535725144421,0.1367482364573232,0.4,0.0840035746201966
mod2310_random_progress_0.4_08,mod2310,random_progress,8,1119,94,0.0840035746201966,0.0017845380000380828,0.925531914893617,0.9146634615384616,0.11927442815583827,0.4,0.0840035746201966
mod2310_random_progress_0.4_09,mod2310,random_progress,9,1119,94,0.0840035746201966,0.0008456890000161366,0.8617021276595744,0.8779973649538867,0.18217253246629783,0.4,0.0840035746201966
mod2310_progress_0.5,mod2310,deterministic_progress,-1,1119,117,0.10455764075067024,0.0009863139998742554,0.9230769230769231,0.9253216180371353,0.1485300520153067,0.5,0.10455764075067024
mod2310_random_progress_0.5_00,mod2310,random_progress,0,1119,117,0.10455764075067024,0.0007880549999299546,0.9401709401709402,0.9327876984126984,0.21333150019477098,0.5,0.10455764075067024
mod2310_random_progress_0.5_01,mod2310,random_progress,1,1119,117,0.10455764075067024,0.0007833469999241061,0.905982905982906,0.9042906746031746,0.05948534634861716,0.5,0.10455764075067024
mod2310_random_progress_0.5_02,mod2310,random_progress,2,1119,117,0.10455764075067024,0.0008063630000378907,0.9145299145299145,0.9169805853375833,0.16475332829220227,0.5,0.10455764075067024
mod2310_random_progress_0.5_03,mod2310,random_progress,3,1119,117,0.10455764075067024,0.000787606999892887,0.8803418803418803,0.8813409961685823,0.09367338053665128,0.5,0.10455764075067024
mod2310_random_progress_0.5_04,mod2310,random_progress,4,1119,117,0.10455764075067024,0.0007506439999360737,0.8461538461538461,0.8220238095238095,0.15916225567700096,0.5,0.10455764075067024
mod2310_random_progress_0.5_05,mod2310,random_progress,5,1119,117,0.10455764075067024,0.002620636000074228,0.905982905982906,0.9021567299006323,0.16823629156068826,0.5,0.10455764075067024
mod2310_random_progress_0.5_06,mod2310,random_progress,6,1119,117,0.10455764075067024,0.0008045870001751609,0.8974358974358975,0.9064184153193442,0.2852821887674435,0.5,0.10455764075067024
mod2310_random_progress_0.5_07,mod2310,random_progress,7,1119,117,0.10455764075067024,0.0008524050001597061,0.9230769230769231,0.9264051808406648,0.07456291102403706,0.5,0.10455764075067024
mod2310_random_progress_0.5_08,mod2310,random_progress,8,1119,117,0.10455764075067024,0.0007588729999952193,0.9145299145299145,0.9165309343434344,0.09454412135377291,0.5,0.10455764075067024
mod2310_random_progress_0.5_09,mod2310,random_progress,9,1119,117,0.10455764075067024,0.0008390779998990183,0.8888888888888888,0.8860963748894783,0.04239132925460004,0.5,0.10455764075067024
mod2310_progress_0.6,mod2310,deterministic_progress,-1,1119,140,0.12511170688114387,0.0015168219999850407,0.9357142857142857,0.9364081900152681,0.13477594791267714,0.6,0.12511170688114387
mod2310_random_progress_0.6_00,mod2310,random_progress,0,1119,140,0.12511170688114387,0.002002898999990066,0.8785714285714286,0.880745598487534,0.05451295799821271,0.6,0.12511170688114387
mod2310_random_progress_0.6_01,mod2310,random_progress,1,1119,140,0.12511170688114387,0.0008629390001715365,0.9,0.9065345391029975,0.1545129579982127,0.6,0.12511170688114387
mod2310_random_progress_0.6_02,mod2310,random_progress,2,1119,140,0.12511170688114387,0.0014673030000267318,0.8714285714285714,0.8704650138860666,0.03309076981999229,0.6,0.12511170688114387
mod2310_random_progress_0.6_03,mod2310,random_progress,3,1119,140,0.12511170688114387,0.0007773229999656905,0.9,0.8964646464646464,0.15093833780160856,0.6,0.12511170688114387
mod2310_random_progress_0.6_04,mod2310,random_progress,4,1119,140,0.12511170688114387,0.0008913100000427221,0.9,0.8967334494773519,0.10451934124856377,0.6,0.12511170688114387
mod2310_random_progress_0.6_05,mod2310,random_progress,5,1119,140,0.12511170688114387,0.0014592370000627852,0.8571428571428571,0.8602386860451376,0.11165581514106987,0.6,0.12511170688114387
mod2310_random_progress_0.6_06,mod2310,random_progress,6,1119,140,0.12511170688114387,0.0007788420000451879,0.8714285714285714,0.8771371353419417,0.11691561343035875,0.6,0.12511170688114387
mod2310_random_progress_0.6_07,mod2310,random_progress,7,1119,140,0.12511170688114387,0.0009003129998745862,0.85,0.8478562596209656,0.07405847057321585,0.6,0.12511170688114387
mod2310_random_progress_0.6_08,mod2310,random_progress,8,1119,140,0.12511170688114387,0.0007549160000053234,0.8928571428571429,0.8849863551083064,0.10262989914464443,0.6,0.12511170688114387
mod2310_random_progress_0.6_09,mod2310,random_progress,9,1119,140,0.12511170688114387,0.0007498769998619537,0.8428571428571429,0.8408020421607378,0.14548704200178728,0.6,0.12511170688114387
mod2310_progress_0.7,mod2310,deterministic_progress,-1,1119,164,0.14655942806076855,0.0008627740000974882,0.9390243902439024,0.939102564102564,0.11548856775431027,0.7000000000000001,0.14655942806076855
mod2310_random_progress_0.7_00,mod2310,random_progress,0,1119,164,0.14655942806076855,0.0007912000000942498,0.8841463414634146,0.8842770034843205,0.08355674709562105,0.7000000000000001,0.14655942806076855
mod2310_random_progress_0.7_01,mod2310,random_progress,1,1119,164,0.14655942806076855,0.0008242760000030103,0.8414634146341463,0.8408726689976691,0.07101288171058656,0.7000000000000001,0.14655942806076855
mod2310_random_progress_0.7_02,mod2310,random_progress,2,1119,164,0.14655942806076855,0.000761382000064259,0.8536585365853658,0.8545631198070223,0.05916650319318201,0.7000000000000001,0.14655942806076855
mod2310_random_progress_0.7_03,mod2310,random_progress,3,1119,164,0.14655942806076855,0.0029123189999609167,0.9024390243902439,0.8975490196078431,0.1990889077791582,0.7000000000000001,0.14655942806076855
mod2310_random_progress_0.7_04,mod2310,random_progress,4,1119,164,0.14655942806076855,0.0008249400000295282,0.9085365853658537,0.9069444444444444,0.03874321585038906,0.7000000000000001,0.14655942806076855
mod2310_random_progress_0.7_05,mod2310,random_progress,5,1119,164,0.14655942806076855,0.0007629330000327172,0.8658536585365854,0.8634386417365141,0.14815056997754966,0.7000000000000001,0.14655942806076855
mod2310_random_progress_0.7_06,mod2310,random_progress,6,1119,164,0.14655942806076855,0.0007509570000365784,0.8414634146341463,0.8415868176538908,0.08355674709562105,0.7000000000000001,0.14655942806076855
mod2310_random_progress_0.7_07,mod2310,random_progress,7,1119,164,0.14655942806076855,0.0007334709998758626,0.823170731707317,0.8228643949118917,0.054512957998212735,0.7000000000000001,0.14655942806076855
mod2310_random_progress_0.7_08,mod2310,random_progress,8,1119,164,0.14655942806076855,0.0007218270000066696,0.8780487804878049,0.8698127301785838,0.1294927962684453,0.7000000000000001,0.14655942806076855
mod2310_random_progress_0.7_09,mod2310,random_progress,9,1119,164,0.14655942806076855,0.0007907249998879706,0.9024390243902439,0.9017202274469718,0.07385732034264042,0.7000000000000001,0.14655942806076855
mod2310_progress_0.8,mod2310,deterministic_progress,-1,1119,187,0.1671134941912422,0.0008497999999690364,0.93048128342246,0.9298551067264353,0.12403167457575279,0.8,0.1671134941912422
mod2310_random_progress_0.8_00,mod2310,random_progress,0,1119,187,0.1671134941912422,0.0007881819999511208,0.8716577540106952,0.8720711385329325,0.11831610538439113,0.8,0.1671134941912422
mod2310_random_progress_0.8_01,mod2310,random_progress,1,1119,187,0.1671134941912422,0.0007246200000281533,0.9090909090909091,0.9095316371259766,0.08272282834654704,0.8,0.1671134941912422
mod2310_random_progress_0.8_02,mod2310,random_progress,2,1119,187,0.1671134941912422,0.0007408209999084647,0.9037433155080213,0.9016221336770968,0.12048572780318562,0.8,0.1671134941912422
mod2310_random_progress_0.8_03,mod2310,random_progress,3,1119,187,0.1671134941912422,0.0007214690001546842,0.8770053475935828,0.8707012223141255,0.08489245076534152,0.8,0.1671134941912422
mod2310_random_progress_0.8_04,mod2310,random_progress,4,1119,187,0.1671134941912422,0.000746330000083617,0.8770053475935828,0.8794815583608687,0.09842630691077303,0.8,0.1671134941912422
mod2310_random_progress_0.8_05,mod2310,random_progress,5,1119,187,0.1671134941912422,0.0008241340001404751,0.8823529411764706,0.8881636996904024,0.13472686174152818,0.8,0.1671134941912422
mod2310_random_progress_0.8_06,mod2310,random_progress,6,1119,187,0.1671134941912422,0.0007708639998327271,0.8770053475935828,0.8727659574468084,0.1012363024663924,0.8,0.1671134941912422
mod2310_random_progress_0.8_07,mod2310,random_progress,7,1119,187,0.1671134941912422,0.0007201119999535877,0.8877005347593583,0.8856351810617603,0.07770497914008401,0.8,0.1671134941912422
mod2310_random_progress_0.8_08,mod2310,random_progress,8,1119,187,0.1671134941912422,0.0007619289999638568,0.9144385026737968,0.912335690537216,0.03489555705294545,0.8,0.1671134941912422
mod2310_random_progress_0.8_09,mod2310,random_progress,9,1119,187,0.1671134941912422,0.000800597000079506,0.9037433155080213,0.8948594129532392,0.13051186840809925,0.8,0.1671134941912422
mod2310_progress_0.9,mod2310,deterministic_progress,-1,1119,210,0.1876675603217158,0.0009067410001080134,0.9285714285714286,0.9277415511659208,0.10213200561726032,0.9,0.1876675603217158
mod2310_random_progress_0.9_00,mod2310,random_progress,0,1119,210,0.1876675603217158,0.0008806509999885748,0.8523809523809524,0.8431254537811914,0.05905783224818073,0.9,0.1876675603217158
mod2310_random_progress_0.9_01,mod2310,random_progress,1,1119,210,0.1876675603217158,0.0008562390000861342,0.8857142857142857,0.8873967840069535,0.08239499553172475,0.9,0.1876675603217158
mod2310_random_progress_0.9_02,mod2310,random_progress,2,1119,210,0.1876675603217158,0.0010315839999748277,0.9,0.9073305623104087,0.044299757436486675,0.9,0.1876675603217158
mod2310_random_progress_0.9_03,mod2310,random_progress,3,1119,210,0.1876675603217158,0.0009274859999095497,0.8666666666666667,0.8671042272620116,0.06403676752202225,0.9,0.1876675603217158
mod2310_random_progress_0.9_04,mod2310,random_progress,4,1119,210,0.1876675603217158,0.0008265070000561536,0.8904761904761904,0.8877385016243671,0.06214732541810292,0.9,0.1876675603217158
mod2310_random_progress_0.9_05,mod2310,random_progress,5,1119,210,0.1876675603217158,0.0008183130000816163,0.8952380952380953,0.8951871657754011,0.05213838886761135,0.9,0.1876675603217158
mod2310_random_progress_0.9_06,mod2310,random_progress,6,1119,210,0.1876675603217158,0.000833111000019926,0.8809523809523809,0.8818873492244683,0.10928124601046854,0.9,0.1876675603217158
mod2310_random_progress_0.9_07,mod2310,random_progress,7,1119,210,0.1876675603217158,0.0008193870000923198,0.8857142857142857,0.879343573093573,0.045014681475807505,0.9,0.1876675603217158
mod2310_random_progress_0.9_08,mod2310,random_progress,8,1119,210,0.1876675603217158,0.0007960929999626387,0.9047619047619048,0.8994117837697693,0.05453849099961708,0.9,0.1876675603217158
mod2310_random_progress_0.9_09,mod2310,random_progress,9,1119,210,0.1876675603217158,0.0008139669998854515,0.8761904761904762,0.8714096575938681,0.15738542065619815,0.9,0.1876675603217158
mod2310_progress_1.0,mod2310,deterministic_progress,-1,1119,233,0.20822162645218945,0.0008463299998311413,0.927038626609442,0.925542844179414,0.07181458000130406,1.0,0.20822162645218945
mod2310_random_progress_1.0_00,mod2310,random_progress,0,1119,233,0.20822162645218945,0.0008532940000804956,0.8969957081545065,0.894319868888233,0.036045365458889894,1.0,0.20822162645218945
mod2310_random_progress_1.0_01,mod2310,random_progress,1,1119,233,0.20822162645218945,0.0008589009999013797,0.9313304721030042,0.9286060094952524,0.07038012940738775,1.0,0.20822162645218945
mod2310_random_progress_1.0_02,mod2310,random_progress,2,1119,233,0.20822162645218945,0.0007953379999889876,0.8884120171673819,0.8903527290319744,0.06738849447889939,1.0,0.20822162645218945
mod2310_random_progress_1.0_03,mod2310,random_progress,3,1119,233,0.20822162645218945,0.0008845580000524933,0.871244635193133,0.8628795150943829,0.03060672657607383,1.0,0.20822162645218945
mod2310_random_progress_1.0_04,mod2310,random_progress,4,1119,233,0.20822162645218945,0.000904440000113027,0.8927038626609443,0.8892598081742819,0.04419948835371862,1.0,0.20822162645218945
mod2310_random_progress_1.0_05,mod2310,random_progress,5,1119,233,0.20822162645218945,0.000878067000030569,0.8884120171673819,0.8887029110489167,0.05635779953744721,1.0,0.20822162645218945
mod2310_random_progress_1.0_06,mod2310,random_progress,6,1119,233,0.20822162645218945,0.0008141889998114493,0.8884120171673819,0.8913896132116471,0.11531602020504203,1.0,0.20822162645218945
mod2310_random_progress_1.0_07,mod2310,random_progress,7,1119,233,0.20822162645218945,0.0009425949999695149,0.871244635193133,0.8732807506749647,0.08999451533596439,1.0,0.20822162645218945
mod2310_random_progress_1.0_08,mod2310,random_progress,8,1119,233,0.20822162645218945,0.0008241069999712636,0.8755364806866953,0.8745718050065876,0.07138501190900831,1.0,0.20822162645218945
mod2310_random_progress_1.0_09,mod2310,random_progress,9,1119,233,0.20822162645218945,0.0008693029999449209,0.8927038626609443,0.8907894208157809,0.04878666191073419,1.0,0.20822162645218945
